fecha,tiempo_espera_reportado,rating_ambiente,rating_comida,rating_servicio,rating,review_texto,restaurante,tiene_texto,text_limpio,idioma_detectado
2022-04-07 05:11:30.390000+00:00,,,,,5,MUY BUENO. SE DEMORARON ALGO DE TIEMPO CON NUESTRO PEDIDO Y NOS REGALARON SANGRIA.,Casa Res | Steak House (Mall del Sol),True,MUY BUENO. SE DEMORARON ALGO DE TIEMPO CON NUESTRO PEDIDO Y NOS REGALARON SANGRIA.,en
2021-11-12 05:03:14.979000+00:00,,,,,5,Mi lugar favorito...  excelente su comida.,Casa Res | Steak House (Mall del Sol),True,Mi lugar favorito... excelente su comida.,pt
2020-12-24 20:36:27.705000+00:00,,,,,5,"Excelente servicio,comida exquisita",Casa Res | Steak House (Mall del Sol),True,"Excelente servicio,comida exquisita",pt
2022-03-30 03:41:57.536000+00:00,,,,,5,Rico menú...recomendado.,Casa Res | Steak House (Mall del Sol),True,Rico menú...recomendado.,pt
2022-02-28 19:01:18.622000+00:00,,,,,5,Ufff divina la Carne,Casa Res | Steak House (Mall del Sol),True,Ufff divina la Carne,it
2021-10-22 03:37:41.173000+00:00,,,,,5,Se come riiicooo pero lleven bastante 💵,Casa Res | Steak House (Mall del Sol),True,Se come riiicooo pero lleven bastante 💵,it
2021-02-08 01:53:00.826000+00:00,,,,,2,Papas al horno heladas......poca calidad...no volvere...,Casa Res | Steak House (Mall del Sol),True,Papas al horno heladas......poca calidad...no volvere...,pt
2022-09-27 16:40:36.172000+00:00,,,,,5,Súper rico lo máximo recomendado,Casa Res | Steak House (Mall del Sol),True,Súper rico lo máximo recomendado,pt
2021-01-24 20:54:14.242000+00:00,,,,,4,Excelente restaurante.,Casa Res | Steak House (Mall del Sol),True,Excelente restaurante.,ro
2020-03-11 01:49:36.032000+00:00,,,,,3,La carne un poco dura,Casa Res | Steak House (Mall del Sol),True,La carne un poco dura,it
2020-11-26 20:39:15.530000+00:00,,,,,5,Excelente Todo...!! ☺️☺️,Casa Res | Steak House (Mall del Sol),True,Excelente Todo...!! ☺️☺️,pt
2021-11-17 22:38:50.228000+00:00,,,,,5,Rica la chistorra.....,Casa Res | Steak House (Mall del Sol),True,Rica la chistorra.....,it
2021-07-25 15:43:39.124000+00:00,,,,,5,Riquísima la comida ‼️,Casa Res | Steak House (Mall del Sol),True,Riquísima la comida ‼️,ca
2023-08-19 20:50:26.784000+00:00,,5.0,5.0,5.0,5,"Next to Noe Sushi Bar, inside Mall del Sol... I start with salad 🥗 a variety of fresh local vegetables... And yes they know about steaks 🥩 chicken, pork and shrimps, also 🍔... Yes they have cocktails 🍹 and 🍷 wine or juice with  fruits... They have a ritual for your 🎂 birthday. I don't like to wait in line and they are very helpful about this need.",Casa Res | Steak House (Mall del Sol),True,"Next to Noe Sushi Bar, inside Mall del Sol... I start with salad 🥗 a variety of fresh local vegetables... And yes they know about steaks 🥩 chicken, pork and shrimps, also 🍔... Yes they have cocktails 🍹 and 🍷 wine or juice with fruits... They have a ritual for your 🎂 birthday. I don't like to wait in line and they are very helpful about this need.",en
2022-06-19 03:47:13.499000+00:00,,,,,3,"Mushroom had good flavour, the baked potato as a side was a good option. This restaurant has an unlimited salad bar. This restaurant is affordable for a steak house.",Casa Res | Steak House (Mall del Sol),True,"Mushroom had good flavour, the baked potato as a side was a good option. This restaurant has an unlimited salad bar. This restaurant is affordable for a steak house.",en
2021-08-31 01:18:35.613000+00:00,,,,,5,Really great place. Nice decor fast helpful service. Tasty food and drinks. Good atmosphere.,Casa Res | Steak House (Mall del Sol),True,Really great place. Nice decor fast helpful service. Tasty food and drinks. Good atmosphere.,en
2024-07-24 01:19:04.797000+00:00,,5.0,5.0,5.0,5,"Casa Res, situato nel cuore di Mall del Sol a Guayaquil, offre un'esperienza culinaria eccezionalissima. La sua posizione strategica lo fa il luogo idealissimo per gustare il migliore cibo a base di carni, in un ambiente accoglientissimo e modernissimo. I piatti, deliziosamente preparati con ingredienti freschissimi e selezionatissimi. I prezzi sono ragionevolissimi considerando la qualità e l'atmosfera raffinatissima. Il servizio impeccabilissimo, assicurando un'esperienza memorabilissima. Casa Res è senza dubbio il destino gastronomico perfettissimo a Guayaquil. Secondo me è il migliore.",Casa Res | Steak House (Mall del Sol),True,"Casa Res, situato nel cuore di Mall del Sol a Guayaquil, offre un'esperienza culinaria eccezionalissima. La sua posizione strategica lo fa il luogo idealissimo per gustare il migliore cibo a base di carni, in un ambiente accoglientissimo e modernissimo. I piatti, deliziosamente preparati con ingredienti freschissimi e selezionatissimi. I prezzi sono ragionevolissimi considerando la qualità e l'atmosfera raffinatissima. Il servizio impeccabilissimo, assicurando un'esperienza memorabilissima. Casa Res è senza dubbio il destino gastronomico perfettissimo a Guayaquil. Secondo me è il migliore.",it
2023-12-15 20:56:32.305000+00:00,,1.0,1.0,1.0,1,Food they bring was burned and sangria was mixed with something... look at the photos,Casa Res | Steak House (Mall del Sol),True,Food they bring was burned and sangria was mixed with something... look at the photos,en
2023-05-09 15:08:58.195000+00:00,,2.0,2.0,1.0,1,"Meat quality is not good, not sure about that ""imported"" statement. Ribeye was very hard to chew. Appetizer arrived after entrées, had to ask the waiter for it. Salad bar looks unappetizing. Avoid it if you can.",Casa Res | Steak House (Mall del Sol),True,"Meat quality is not good, not sure about that ""imported"" statement. Ribeye was very hard to chew. Appetizer arrived after entrées, had to ask the waiter for it. Salad bar looks unappetizing. Avoid it if you can.",en
2023-03-31 17:07:07.722000+00:00,,,,,5,"Ambiente agradavel e confortavel. Atendimento foi agil e prestativo com informações diversas sobre menu e promoções. Os dois pratos pedidos, com cortes entregues no ponto solicitado, carne de qualidade superior, bem temperadas, e com acompanhamentos também bem temprados",Casa Res | Steak House (Mall del Sol),True,"Ambiente agradavel e confortavel. Atendimento foi agil e prestativo com informações diversas sobre menu e promoções. Os dois pratos pedidos, com cortes entregues no ponto solicitado, carne de qualidade superior, bem temperadas, e com acompanhamentos também bem temprados",pt
2020-01-08 01:00:44.635000+00:00,,,,,1,"Had lunch there today. Food arrived before drinks (!) , waiter was stressed. Manager couldn't care less about a request. Paying $30 per person for lunch there are many many places better and cheaper than this badly managed place. Ohh, and very noisy place one has to scream to have a conversation! NEVER AGAIN!!!",Casa Res | Steak House (Mall del Sol),True,"Had lunch there today. Food arrived before drinks (!) , waiter was stressed. Manager couldn't care less about a request. Paying $30 per person for lunch there are many many places better and cheaper than this badly managed place. Ohh, and very noisy place one has to scream to have a conversation! NEVER AGAIN!!!",en
2024-09-21 04:09:00.571000+00:00,,2.0,1.0,3.0,1,"The name is the only thing that sells and attracts, because the cuts of meat are far below the quality standard of a good restaurant with the prices they demand",Casa Res | Steak House (Mall del Sol),True,"The name is the only thing that sells and attracts, because the cuts of meat are far below the quality standard of a good restaurant with the prices they demand",en
2020-11-27 13:21:02.441000+00:00,,,,,2,"It's good, but service is very slow, they took 40 min and the heated my steak sandwich in the microwave.",Casa Res | Steak House (Mall del Sol),True,"It's good, but service is very slow, they took 40 min and the heated my steak sandwich in the microwave.",en
2020-10-07 03:00:01.311000+00:00,,,,,5,Great place to share with Friends and family!,Casa Res | Steak House (Mall del Sol),True,Great place to share with Friends and family!,en
2021-11-13 16:29:11.820000+00:00,,,,,5,"Good cuts, great salad bar.
Be there outside the most busy hours and you will have perfect service.",Casa Res | Steak House (Mall del Sol),True,"Good cuts, great salad bar. Be there outside the most busy hours and you will have perfect service.",en
2020-07-21 23:03:16.837000+00:00,,,,,5,Nice good. Excellent service,Casa Res | Steak House (Mall del Sol),True,Nice good. Excellent service,en
2024-06-29 22:29:00.550000+00:00,,5.0,5.0,5.0,5,Very good value steak highly recommended,Casa Res | Steak House (Mall del Sol),True,Very good value steak highly recommended,en
2023-07-02 18:57:50.989000+00:00,,4.0,3.0,1.0,3,Service too slow and you need to ask at least 3 times to get your order.,Casa Res | Steak House (Mall del Sol),True,Service too slow and you need to ask at least 3 times to get your order.,en
2020-02-09 03:46:40.845000+00:00,,,,,5,Excelente food and courteous service!!,Casa Res | Steak House (Mall del Sol),True,Excelente food and courteous service!!,en
2020-02-21 20:38:38.173000+00:00,,,,,5,The best meat that I have been eat,Casa Res | Steak House (Mall del Sol),True,The best meat that I have been eat,en
2023-10-07 19:52:26.581000+00:00,,4.0,5.0,4.0,5,"Une trés bonne viande
Je conseil",Casa Res | Steak House (Mall del Sol),True,Une trés bonne viande Je conseil,fr
2020-02-23 02:20:51.298000+00:00,,,,,5,Super recomendado excelente comida,Casa Res | Steak House (Mall del Sol),True,Super recomendado excelente comida,pt
2021-11-20 22:22:01.239000+00:00,,,,,5,Delicious steaks with amazing views and space,Casa Res | Steak House (Mall del Sol),True,Delicious steaks with amazing views and space,en
2022-05-02 05:21:11.286000+00:00,,,,,5,Great place to eat in or outdoor.,Casa Res | Steak House (Mall del Sol),True,Great place to eat in or outdoor.,en
2025-04-06 19:06:51.735000+00:00,,5.0,5.0,5.0,5,Riquísimo!! Volveré sin duda,Don Parrilla Steak House - Urdesa,True,Riquísimo!! Volveré sin duda,pt
2025-02-17 20:15:04.174000+00:00,,1.0,5.0,1.0,1,"YO REALICÉ UNA RESERVACIÓN ME PROMETIERON PONER LA MÚSICA QUE YO QUISIERA Y DECORAR CON GLOBOS EN FIN FUI CON MI FAMILIA Y AMBAS COSAS QUE PEDI JAMAS LO HICIERON, LO PEOR DE TODO QUE ERA SAN VALENTÍN Y NI UN ARREGLO EN MI MESA O POR LO MENOS EN EL PISO DONDE ESTABA PÉSIMO PÉSIMO LO ÚNICO DE BUENO LA COMIDA",Don Parrilla Steak House - Urdesa,True,"YO REALICÉ UNA RESERVACIÓN ME PROMETIERON PONER LA MÚSICA QUE YO QUISIERA Y DECORAR CON GLOBOS EN FIN FUI CON MI FAMILIA Y AMBAS COSAS QUE PEDI JAMAS LO HICIERON, LO PEOR DE TODO QUE ERA SAN VALENTÍN Y NI UN ARREGLO EN MI MESA O POR LO MENOS EN EL PISO DONDE ESTABA PÉSIMO PÉSIMO LO ÚNICO DE BUENO LA COMIDA",pt
2024-02-05 13:28:11.459000+00:00,,5.0,5.0,5.0,5,Excelente lugar recomendado,Don Parrilla Steak House - Urdesa,True,Excelente lugar recomendado,pt
2023-11-09 13:31:34.836000+00:00,,5.0,5.0,3.0,5,EXCELENTE COMIDA... HERMOSO AMBIENTE.... PERO EL SERVICIO DEBE DE MEJORAR..,Don Parrilla Steak House - Urdesa,True,EXCELENTE COMIDA... HERMOSO AMBIENTE.... PERO EL SERVICIO DEBE DE MEJORAR..,pt
2023-08-29 15:37:58.219000+00:00,,5.0,4.0,5.0,5,Excelente sitio para comer rico,Don Parrilla Steak House - Urdesa,True,Excelente sitio para comer rico,it
2023-06-25 15:27:07.582000+00:00,,4.0,3.0,3.0,4,"I like the food but I want to share with you some arguments.

The rice with sweet corn was tasty but it doesn't have many sweet corn

The garlic bread wasn't crunchy.

The meat was very delicious, I really like the meat.",Don Parrilla Steak House - Urdesa,True,"I like the food but I want to share with you some arguments. The rice with sweet corn was tasty but it doesn't have many sweet corn The garlic bread wasn't crunchy. The meat was very delicious, I really like the meat.",en
2023-05-22 20:07:35.418000+00:00,,5.0,5.0,5.0,5,Muy Rico. Excelente comida.,Don Parrilla Steak House - Urdesa,True,Muy Rico. Excelente comida.,pt
2023-03-10 14:56:33.416000+00:00,,5.0,5.0,5.0,5,"Mis respetos, volveré pronto❤️😋",Don Parrilla Steak House - Urdesa,True,"Mis respetos, volveré pronto❤️😋",pt
2022-05-11 12:06:07.101000+00:00,,,,,5,"Excelente 👌, todo exquisito",Parrillada Restaurant El Dorado Sauces 3,True,"Excelente 👌, todo exquisito",pt
2020-01-18 16:19:13.345000+00:00,,,,,5,"Está  EXELENTE LA ATENCIÓN DE PRIMERA ,LA DECORACIÓN MUY ELEGANTE........RESUMIDO MAXIMO.",Parrillada Restaurant El Dorado Sauces 3,True,"Está EXELENTE LA ATENCIÓN DE PRIMERA ,LA DECORACIÓN MUY ELEGANTE........RESUMIDO MAXIMO.",pt
2023-02-12 00:03:18.872000+00:00,,4.0,4.0,4.0,4,Excelente de todo komo me gusta,Parrillada Restaurant El Dorado Sauces 3,True,Excelente de todo komo me gusta,pt
2023-04-10 05:24:13.486000+00:00,,5.0,5.0,5.0,5,Excelente para compartir,Parrillada Restaurant El Dorado Sauces 3,True,Excelente para compartir,pt
2021-06-14 15:59:10.821000+00:00,,,,,4,EXCELENTE SU ARROZ CON MENESTRA,Parrillada Restaurant El Dorado Sauces 3,True,EXCELENTE SU ARROZ CON MENESTRA,so
2021-02-23 03:42:33.451000+00:00,,,,,5,Excelente lugar recomendado,Parrillada Restaurant El Dorado Sauces 3,True,Excelente lugar recomendado,pt
2020-02-08 02:11:15.270000+00:00,,,,,3,Yo no comi solamente pase,Parrillada Restaurant El Dorado Sauces 3,True,Yo no comi solamente pase,it
2020-03-07 22:16:44.627000+00:00,,,,,5,Por su diversidad de comida,Parrillada Restaurant El Dorado Sauces 3,True,Por su diversidad de comida,pt
2023-08-13 01:32:10.584000+00:00,,4.0,5.0,5.0,4,Great food. The Corvina out of this world.. Great price,Parrillada Restaurant El Dorado Sauces 3,True,Great food. The Corvina out of this world.. Great price,en
2022-01-21 14:27:25.007000+00:00,,,,,5,"El Dorado, a place that is close to where I live, they sell some well-seasoned and delicious chickens, while you wait, they give you chifles with cheese, which are fresh and good, the freshly served chicken is very crispy and rich, it is a good environment to share with families and friends, and their natural juices are very cold and delicious, their lentil moors, it is an exquisite and succulent rice, the barbecue that they also know how to sell is very good and delicious in fact, their chorizo, roast meat, are good seasoned and appetizing, the salad they prepare is fresh and sweet and sour, the fries are rich and very good, the fried greens they prepare are very exquisite and soft, the service is very good, i recommend them.",Parrillada Restaurant El Dorado Sauces 3,True,"El Dorado, a place that is close to where I live, they sell some well-seasoned and delicious chickens, while you wait, they give you chifles with cheese, which are fresh and good, the freshly served chicken is very crispy and rich, it is a good environment to share with families and friends, and their natural juices are very cold and delicious, their lentil moors, it is an exquisite and succulent rice, the barbecue that they also know how to sell is very good and delicious in fact, their chorizo, roast meat, are good seasoned and appetizing, the salad they prepare is fresh and sweet and sour, the fries are rich and very good, the fried greens they prepare are very exquisite and soft, the service is very good, i recommend them.",en
2022-01-07 05:33:36.539000+00:00,,,,,5,Good food fast service,Parrillada Restaurant El Dorado Sauces 3,True,Good food fast service,en
2022-03-17 19:01:35.426000+00:00,,,,,5,Churrasco recomendado,Parrillada Restaurant El Dorado Sauces 3,True,Churrasco recomendado,pt
2026-03-26 04:02:31.778000+00:00,,1.0,1.0,1.0,1,EL PEOR RESTAURANTE QUE HE VISITADO EN MI VIDA!! 😖,La Casa del Tomahawk,True,EL PEOR RESTAURANTE QUE HE VISITADO EN MI VIDA!! 😖,vi
2026-04-12 18:43:49.732000+00:00,,,,,3,Jueves 2x1 alitas. Lea falta sabor.,La Casa del Tomahawk,True,Jueves 2x1 alitas. Lea falta sabor.,ca
2025-08-08 02:37:52.660000+00:00,Hasta 10 min,5.0,5.0,5.0,5,Definitivamente excelente,La Casa del Tomahawk,True,Definitivamente excelente,ro
2025-09-25 21:55:42.303000+00:00,Sin espera,4.0,5.0,4.0,5,"El lugar es súper Nice, me gustó venir a compartir aquí",La Casa del Tomahawk,True,"El lugar es súper Nice, me gustó venir a compartir aquí",ca
2026-03-01 21:27:18.124000+00:00,,5.0,5.0,5.0,5,Las alitas 100% recomendadas,La Casa del Tomahawk,True,Las alitas 100% recomendadas,pt
2020-01-30 02:37:42.761000+00:00,,,,,5,Estupendo para comer hasta por los codos!,La Casa del Tomahawk,True,Estupendo para comer hasta por los codos!,pt
2020-08-16 13:15:13.108000+00:00,,,,,5,"Excelente servicio, excelente comida",La Casa del Tomahawk,True,"Excelente servicio, excelente comida",pt
2022-11-20 13:58:47.560000+00:00,,5.0,5.0,5.0,5,"Buenisimo! Recomendado 👌
Solo habria q mejorar el parqueadero q casi no hay",La Casa del Tomahawk,True,Buenisimo! Recomendado 👌 Solo habria q mejorar el parqueadero q casi no hay,pt
2021-11-24 11:25:26.867000+00:00,,,,,5,"Deliciosa comida, recomendado",La Casa del Tomahawk,True,"Deliciosa comida, recomendado",pt
2025-10-12 02:45:17.955000+00:00,Hasta 10 min,5.0,5.0,5.0,5,Excelente  lugar recomendado,La Casa del Tomahawk,True,Excelente lugar recomendado,pt
2025-08-16 00:19:47.297000+00:00,Sin espera,5.0,5.0,5.0,5,Excelente servicio!!! Recomendado!,La Casa del Tomahawk,True,Excelente servicio!!! Recomendado!,pt
2026-03-16 00:14:24.722000+00:00,,5.0,5.0,5.0,5,Excelente! Exclusivo,La Parrilla Del Ñato - Urdesa,True,Excelente! Exclusivo,ro
2021-06-16 21:03:36.616000+00:00,,,,,4,MUY BUENA  CALIDAD DE PLATOS   Y ATENCIÓN.,La Parrilla Del Ñato - Urdesa,True,MUY BUENA CALIDAD DE PLATOS Y ATENCIÓN.,cy
2021-11-19 18:32:55.246000+00:00,,,,,5,"COMIDA EXCELENTE,  TU COMES UN LOMO DIVINO, FELICITACIONES.",La Parrilla Del Ñato - Urdesa,True,"COMIDA EXCELENTE, TU COMES UN LOMO DIVINO, FELICITACIONES.",en
2020-01-20 21:19:08.711000+00:00,,,,,5,la pizza sigue siendo buena el metro de pizza barata,La Parrilla Del Ñato - Urdesa,True,la pizza sigue siendo buena el metro de pizza barata,it
2021-12-30 14:02:14.470000+00:00,,,,,5,"Bonito lugar, excelente comida.",La Parrilla Del Ñato - Urdesa,True,"Bonito lugar, excelente comida.",pt
2021-09-22 23:34:56.370000+00:00,,,,,1,No me gusto su servicio,La Parrilla Del Ñato - Urdesa,True,No me gusto su servicio,it
2020-11-29 00:14:55.002000+00:00,,,,,5,Buena parrilla solicita atencion,La Parrilla Del Ñato - Urdesa,True,Buena parrilla solicita atencion,it
2022-09-20 01:25:30.791000+00:00,,,,,5,Super bueno recomendado 👌,La Parrilla Del Ñato - Urdesa,True,Super bueno recomendado 👌,pt
2020-09-19 02:29:30.462000+00:00,,,,,5,Delicioso. Recomendadísimo 👌,La Parrilla Del Ñato - Urdesa,True,Delicioso. Recomendadísimo 👌,pt
2026-06-14 00:24:16.483000+00:00,,,,,5,"Update. Junio 13, 2026
Primera visita en el nuevo local.  CC Las Terrazas es de facil acceso, parqueo disponible las dos veces que hemos ido a este CC.
Nos gustó mucho el ambiente de MG. Fuimos un grupo de 6. Nuestro mesero super amable y  sonreido, muy profesional. Tomo nuestros pedidos, por su puesto que pedimos 2 Sartenazos pepos. Los otros platos tambien super ricos. Ahhh y nos gusto la limonada hierbabuena.  Ya estamos plane planeando nuestra proxima visita.  Exitos!

~~~~~~~~~~~~~~
Wow, was I impressed with their moros and menestra.  I asked the very nice guys Antoletaeats to suggest a place where to eat delicious moros in the Sambo area and they were right when suggesting this place.
We were a party of 7 so we all ordered different plates and got to try a delicious chuleta, a corn on the cob but mainly moros was just to die for.
The place looked nice, clean, not too busy when we got there.  Our waiter was good but at the end he gave us an attitude (that is another story) but I definitely will go back when visiting Ecuador again.",MoroGrill - C.C. Las Terrazas,True,"Update. Junio 13, 2026 Primera visita en el nuevo local. CC Las Terrazas es de facil acceso, parqueo disponible las dos veces que hemos ido a este CC. Nos gustó mucho el ambiente de MG. Fuimos un grupo de 6. Nuestro mesero super amable y sonreido, muy profesional. Tomo nuestros pedidos, por su puesto que pedimos 2 Sartenazos pepos. Los otros platos tambien super ricos. Ahhh y nos gusto la limonada hierbabuena. Ya estamos plane planeando nuestra proxima visita. Exitos! ~~~~~~~~~~~~~~ Wow, was I impressed with their moros and menestra. I asked the very nice guys Antoletaeats to suggest a place where to eat delicious moros in the Sambo area and they were right when suggesting this place. We were a party of 7 so we all ordered different plates and got to try a delicious chuleta, a corn on the cob but mainly moros was just to die for. The place looked nice, clean, not too busy when we got there. Our waiter was good but at the end he gave us an attitude (that is another story) but I definitely will go back when visiting Ecuador again.",en
2020-11-21 00:19:46.484000+00:00,,,,,5,100% recomendado!! Excelente,MoroGrill - C.C. Las Terrazas,True,100% recomendado!! Excelente,pt
2020-08-04 02:00:34.954000+00:00,,,,,5,Todo excelente muy rica comida,MoroGrill - C.C. Las Terrazas,True,Todo excelente muy rica comida,pt
2023-08-15 14:02:21.442000+00:00,,,,,4,Ha superado mi expectativa recomendadisimo,MoroGrill - C.C. Las Terrazas,True,Ha superado mi expectativa recomendadisimo,pt
2022-04-14 20:20:41.120000+00:00,,,,,5,"Excelente comida, recomendado",MoroGrill - C.C. Las Terrazas,True,"Excelente comida, recomendado",pt
2022-01-05 01:36:01.525000+00:00,,,,,5,"Excelente lugar, excelente comida",MoroGrill - C.C. Las Terrazas,True,"Excelente lugar, excelente comida",pt
2021-08-08 00:35:37.865000+00:00,,,,,5,Super!! Riquísimo!!!,MoroGrill - C.C. Las Terrazas,True,Super!! Riquísimo!!!,ca
2024-12-21 19:10:27.281000+00:00,,5.0,5.0,5.0,5,"I ordered the Churrasco. Fan-freaking-tastic. I didn't have to request anything special. It was made the perfect way. I fell in love with this dish in Korea of all places (s.o. Casa Latina!) but this blows it away.

I've had several versions of this dish throughout Ecuador and South Florida (Peruvian styles as well).

This still is number one. Almost too much food but I can just enjoy the rest again later.

Highly recommend!",MoroGrill - C.C. Las Terrazas,True,I ordered the Churrasco. Fan-freaking-tastic. I didn't have to request anything special. It was made the perfect way. I fell in love with this dish in Korea of all places (s.o. Casa Latina!) but this blows it away. I've had several versions of this dish throughout Ecuador and South Florida (Peruvian styles as well). This still is number one. Almost too much food but I can just enjoy the rest again later. Highly recommend!,en
2024-09-14 00:01:49.217000+00:00,,4.0,4.0,4.0,4,Good food and service.,MoroGrill - C.C. Las Terrazas,True,Good food and service.,en
2023-10-20 19:22:30.549000+00:00,,4.0,3.0,5.0,4,"Great service. Food was not that good as expected. Tried the ""sartenazo"" and it was salty.",MoroGrill - C.C. Las Terrazas,True,"Great service. Food was not that good as expected. Tried the ""sartenazo"" and it was salty.",en
2021-10-04 18:24:54.836000+00:00,,,,,5,"Place is nice, service is good and you spend about $10 per person.",MoroGrill - C.C. Las Terrazas,True,"Place is nice, service is good and you spend about $10 per person.",en
2023-09-26 21:27:50.100000+00:00,,5.0,5.0,5.0,5,"Delicious food, good atmosphere, very nice people",MoroGrill - C.C. Las Terrazas,True,"Delicious food, good atmosphere, very nice people",en
2023-02-09 16:08:11.778000+00:00,,5.0,5.0,5.0,5,Family fun atmosphere and good food!,MoroGrill - C.C. Las Terrazas,True,Family fun atmosphere and good food!,en
2021-06-20 14:49:34.366000+00:00,,,,,5,"Cozy place, good and tasty food.",MoroGrill - C.C. Las Terrazas,True,"Cozy place, good and tasty food.",en
2020-02-02 02:27:19.850000+00:00,,,,,4,"Lots of food, good price",MoroGrill - C.C. Las Terrazas,True,"Lots of food, good price",en
2021-11-18 23:54:45.585000+00:00,,,,,5,𝐄𝐥 𝐥𝐮𝐠𝐚𝐫 𝐩𝐞𝐫𝐟𝐞𝐜𝐭𝐨 𝐩𝐚𝐫𝐚 𝐜𝐨𝐦𝐩𝐚𝐫𝐭𝐢𝐫 𝐞𝐧𝐭𝐫𝐞 𝐚𝐦𝐢𝐠𝐨𝐬 𝐦𝐨𝐦𝐞𝐧𝐭𝐨𝐬 𝐞𝐬𝐩𝐞𝐜𝐢𝐚𝐥𝐞𝐬,Parrillada Punta Del Este,True,𝐄𝐥 𝐥𝐮𝐠𝐚𝐫 𝐩𝐞𝐫𝐟𝐞𝐜𝐭𝐨 𝐩𝐚𝐫𝐚 𝐜𝐨𝐦𝐩𝐚𝐫𝐭𝐢𝐫 𝐞𝐧𝐭𝐫𝐞 𝐚𝐦𝐢𝐠𝐨𝐬 𝐦𝐨𝐦𝐞𝐧𝐭𝐨𝐬 𝐞𝐬𝐩𝐞𝐜𝐢𝐚𝐥𝐞𝐬,unknown
2023-06-29 22:57:39.042000+00:00,,5.0,5.0,5.0,5,EXCELENTE Y LA COMISA  RIQQUISMA QUE RIKITO NI NADA PUNTA DEL ESTE ALBOEADA LO MEJOR EN CORTES Y ASADOS PARRILLADAS Y NO SOY FAMILIA SOY SIMPLEMTE UN CLIENTE SATISFECHO CON EL LUGAR SERVICIO Y COMIDA GRACIAS DON RIBER EL MEJOR MESERO DE LA PARRILLADA UN SR QUE TE ATIENDE MUY BIEN Y TE DA BUEN SERVICIO COMO TODO EL PERSONAL,Parrillada Punta Del Este,True,EXCELENTE Y LA COMISA RIQQUISMA QUE RIKITO NI NADA PUNTA DEL ESTE ALBOEADA LO MEJOR EN CORTES Y ASADOS PARRILLADAS Y NO SOY FAMILIA SOY SIMPLEMTE UN CLIENTE SATISFECHO CON EL LUGAR SERVICIO Y COMIDA GRACIAS DON RIBER EL MEJOR MESERO DE LA PARRILLADA UN SR QUE TE ATIENDE MUY BIEN Y TE DA BUEN SERVICIO COMO TODO EL PERSONAL,en
2026-02-19 22:49:57.430000+00:00,,5.0,5.0,5.0,5,"Muy rico, recomendado.",Parrillada Punta Del Este,True,"Muy rico, recomendado.",pt
2021-06-01 01:27:18.289000+00:00,,,,,5,Excelente comida me encanta,Parrillada Punta Del Este,True,Excelente comida me encanta,pt
2020-10-21 03:18:05.181000+00:00,,,,,5,"Excelente comida, recomendado",Parrillada Punta Del Este,True,"Excelente comida, recomendado",pt
2022-06-06 23:35:23.072000+00:00,,,,,3,Exelenye sevicio exquisita comida,Parrillada Punta Del Este,True,Exelenye sevicio exquisita comida,ca
2020-06-30 15:23:03.347000+00:00,,,,,2,Dan pura menudencias,Parrillada Punta Del Este,True,Dan pura menudencias,id
2025-12-15 13:30:38.758000+00:00,,5.0,4.0,5.0,5,"Nice and friendly place to celebrate birthdays with friends or families.
But there is no an elevator for elderly people.
I had a wonderful time. 😉😉😉",Parrillada Punta Del Este,True,Nice and friendly place to celebrate birthdays with friends or families. But there is no an elevator for elderly people. I had a wonderful time. 😉😉😉,en
2022-03-08 14:40:11.465000+00:00,,,,,2,"VISITE EL RUKITO DE LA ALBORADA, LA ATENCION ES MUY BUENA, TIENE DONDE PARQUEARSE,  TUVIMOS UNA ESPERA CONSIDERABLE, CUANDO LLEGO MI PEDIDO QUE FUE UN CROCANTE DE CHANCHO QUE TUVO UN COSTO DE $20 UNA PORCION MEDIANA PUEDEN COMER 2 PERSONAS, ESTABA SECA POR DENTRO Y EL SABOR ERA MEDIO AMARGO POR QUE SE LES QUISO QUEMAR, TENIA UN OLOR COMO AGUITA DE BASURA Y AUN  QUE MENCIONE MI INCONFROMIDAD NO HICIERON NADA EN TOTAL UN CONSUMO DE DOS PERSONAS FUE DE $43.5, REALMENTE MU COSTOSO PARA UN PRODUCTO QUE NO ES TAN BUENO LOS ARROCES SON COMO LOS VEZ EN REDES MUCHO QUESO EL SABOR NO ES TAN AGRADABLE",Rukito Grill&Drink - Alborada,True,"VISITE EL RUKITO DE LA ALBORADA, LA ATENCION ES MUY BUENA, TIENE DONDE PARQUEARSE, TUVIMOS UNA ESPERA CONSIDERABLE, CUANDO LLEGO MI PEDIDO QUE FUE UN CROCANTE DE CHANCHO QUE TUVO UN COSTO DE $20 UNA PORCION MEDIANA PUEDEN COMER 2 PERSONAS, ESTABA SECA POR DENTRO Y EL SABOR ERA MEDIO AMARGO POR QUE SE LES QUISO QUEMAR, TENIA UN OLOR COMO AGUITA DE BASURA Y AUN QUE MENCIONE MI INCONFROMIDAD NO HICIERON NADA EN TOTAL UN CONSUMO DE DOS PERSONAS FUE DE $43.5, REALMENTE MU COSTOSO PARA UN PRODUCTO QUE NO ES TAN BUENO LOS ARROCES SON COMO LOS VEZ EN REDES MUCHO QUESO EL SABOR NO ES TAN AGRADABLE",en
2020-11-12 19:00:07.689000+00:00,,,,,5,Excelente la comida!!!! Recomendado,Rukito Grill&Drink - Alborada,True,Excelente la comida!!!! Recomendado,pt
2021-07-26 20:52:39.489000+00:00,,,,,4,"Muy rica la comida, recomendado.",Rukito Grill&Drink - Alborada,True,"Muy rica la comida, recomendado.",pt
2021-10-14 02:03:10.213000+00:00,,,,,5,Excelente comida muy recomendado,Rukito Grill&Drink - Alborada,True,Excelente comida muy recomendado,pt
2021-12-17 17:24:31.162000+00:00,,,,,5,Ya había provado x eso fui ricaaaaa la comidaaaaa,Rukito Grill&Drink - Alborada,True,Ya había provado x eso fui ricaaaaa la comidaaaaa,so
2021-03-21 18:43:40.642000+00:00,,,,,5,RIQUÍSIMO MI FAMILIA FELIZ LOS MOROS CON QUESO 🧀 FUE BUENA LA EXPERIENCIA 😋,Rukito Grill&Drink - Alborada,True,RIQUÍSIMO MI FAMILIA FELIZ LOS MOROS CON QUESO 🧀 FUE BUENA LA EXPERIENCIA 😋,pt
2024-04-08 01:45:34.992000+00:00,,,,,5,Todo delicioso 100% recomendado,Rukito Grill&Drink - Alborada,True,Todo delicioso 100% recomendado,pt
2020-01-20 03:58:45.644000+00:00,,,,,5,Toda la comida es buenisima! Recomendado!,Rukito Grill&Drink - Alborada,True,Toda la comida es buenisima! Recomendado!,pt
2021-05-21 00:45:44.997000+00:00,,,,,5,"Excelente comida, Excelente atencion🤤",Rukito Grill&Drink - Alborada,True,"Excelente comida, Excelente atencion🤤",pt
2021-05-13 01:54:48.144000+00:00,,,,,5,Riquisimos motos rizoto buena costilla bbq,Rukito Grill&Drink - Alborada,True,Riquisimos motos rizoto buena costilla bbq,it
2021-04-15 02:21:57.163000+00:00,,,,,5,Buena comida a buen costo. Recomendado,Rukito Grill&Drink - Alborada,True,Buena comida a buen costo. Recomendado,pt
2021-08-15 22:41:51.345000+00:00,,,,,5,Exquisita la comida 😋 recomendado 👍🏻,Rukito Grill&Drink - Alborada,True,Exquisita la comida 😋 recomendado 👍🏻,pt
2023-10-12 14:30:37.719000+00:00,,5.0,5.0,5.0,5,Excelente. Como que nos haremos asiduos!,Rukito Grill&Drink - Alborada,True,Excelente. Como que nos haremos asiduos!,pt
2021-08-25 21:51:32.363000+00:00,,,,,4,Delicia de comidas...que rico moros,Rukito Grill&Drink - Alborada,True,Delicia de comidas...que rico moros,pt
2021-07-05 16:10:33.531000+00:00,,,,,5,Excelente la comida recomendado,Rukito Grill&Drink - Alborada,True,Excelente la comida recomendado,pt
2021-04-10 16:26:32.457000+00:00,,,,,5,COMIDA Y ATENCIÓN DE PRIMERA!!! 100% RECOMENDADO.,Rukito Grill&Drink - Alborada,True,COMIDA Y ATENCIÓN DE PRIMERA!!! 100% RECOMENDADO.,cy
2021-07-06 19:58:33.104000+00:00,,,,,1,NO ME GUSTO EN LO ABSOLUTO.. ESTABA SIMPLE,Rukito Grill&Drink - Alborada,True,NO ME GUSTO EN LO ABSOLUTO.. ESTABA SIMPLE,pt
2025-05-14 20:26:58.488000+00:00,,5.0,5.0,5.0,5,demasiado bellooooo 😋😋😋,Rukito Grill&Drink - Alborada,True,demasiado bellooooo 😋😋😋,pt
2021-12-11 02:44:41.257000+00:00,,,,,5,Excelente servicio..! Recomendado..!,Rukito Grill&Drink - Alborada,True,Excelente servicio..! Recomendado..!,pt
2025-03-04 22:19:47.001000+00:00,,4.0,4.0,4.0,4,Bueno pero no es barato,Rukito Grill&Drink - Alborada,True,Bueno pero no es barato,pt
2021-10-26 04:48:13.834000+00:00,,,,,5,"Todo tipo de cortes.
Recomendado.",Rukito Grill&Drink - Alborada,True,Todo tipo de cortes. Recomendado.,pt
